batch_size,seqlen,gemv_time
128,128,0.03592258971623751
128,256,0.04153443260862503
128,384,0.04714627550101252
128,512,0.05275811839340001
128,640,0.05836996128578751
128,768,0.06398180417817499
128,896,0.06959364707056252
128,1024,0.07520548996295001
128,1152,0.08081733285533749
128,1280,0.086429175747725
128,1408,0.0920410186401125
128,1536,0.09765286153250001
128,1664,0.1022476465270375
128,1792,0.10684243152157502
128,1920,0.11143721651611248
128,2048,0.11603200151064996
128,2176,0.12138772733410623
128,2304,0.1267434531575625
128,2432,0.13209917898101875
128,2560,0.137454904804475
128,2688,0.14281063062793123
128,2816,0.14816635645138748
128,2944,0.15352208227484374
128,3072,0.15887780809830002
128,3200,0.16329247778257494
128,3328,0.16770714746684998
128,3456,0.17212181715112498
128,3584,0.1765364868354
128,3712,0.18095115651967497
128,3840,0.18536582620395
128,3968,0.18978049588822493
256,128,0.043721453302999994
256,256,0.05398584476289998
256,384,0.06425023622279999
256,512,0.07451462768270001
256,640,0.08477901914260001
256,768,0.0950434106025
256,896,0.1053078020624
256,1024,0.1155721935223
256,1152,0.1258365849822
256,1280,0.1361009764421
256,1408,0.14636536790200003
256,1536,0.1566297593619
256,1664,0.16591172725982498
256,1792,0.17519369515775
256,1920,0.18447566305567498
256,2048,0.1937576309536
256,2176,0.2034142027602125
256,2304,0.21307077456682497
256,2432,0.22272734637343752
256,2560,0.23238391818005
256,2688,0.24204048998666247
256,2816,0.251697061793275
256,2944,0.2613536335998875
256,3072,0.2710102054065
256,3200,0.279873677416425
256,3328,0.28873714942635
256,3456,0.29760062143627497
256,3584,0.3064640934462
256,3712,0.315327565456125
256,3840,0.32419103746604994
256,3968,0.333054509475975
384,128,0.051520316889762524
384,256,0.06643725691717503
384,384,0.0813541969445875
384,512,0.096271136972
384,640,0.1111880769994125
384,768,0.12610501702682503
384,896,0.14102195705423748
384,1024,0.15593889708165
384,1152,0.1708558371090625
384,1280,0.185772777136475
384,1408,0.2006897171638875
384,1536,0.21560665719129998
384,1664,0.22957580799261246
384,1792,0.24354495879392501
384,1920,0.25751410959523746
384,2048,0.27148326039655
384,2176,0.2854406781863187
384,2304,0.29939809597608746
384,2432,0.31335551376585624
384,2560,0.32731293155562496
384,2688,0.34127034934539374
384,2816,0.35522776713516246
384,2944,0.36918518492493124
384,3072,0.38314260271469996
384,3200,0.396454877050275
384,3328,0.40976715138585007
384,3456,0.42307942572142493
384,3584,0.436391700057
384,3712,0.4497039743925751
384,3840,0.46301624872814995
384,3968,0.476328523063725
512,128,0.05931918047652506
512,256,0.07888866907145003
512,384,0.09845815766637496
512,512,0.1180276462613
512,640,0.137597134856225
512,768,0.15716662345115
512,896,0.176736112046075
512,1024,0.196305600641
512,1152,0.215875089235925
512,1280,0.23544457783084996
512,1408,0.255014066425775
512,1536,0.2745835550207
512,1664,0.29323988872539997
512,1792,0.31189622243009996
512,1920,0.3305525561348
512,2048,0.3492088898395
512,2176,0.367467153612425
512,2304,0.38572541738535
512,2432,0.403983681158275
512,2560,0.4222419449312
512,2688,0.440500208704125
512,2816,0.45875847247705
512,2944,0.477016736249975
512,3072,0.4952750000229
512,3200,0.513036076684125
512,3328,0.53079715334535
512,3456,0.548558230006575
512,3584,0.5663193066678001
512,3712,0.584080383329025
512,3840,0.60184145999025
512,3968,0.619602536651475
640,128,0.06830733192383752
640,256,0.092491287152
640,384,0.1166752423801625
640,512,0.14085919760832502
640,640,0.16504315283648746
640,768,0.18922710806465
640,896,0.2134110632928125
640,1024,0.237595018520975
640,1152,0.2617789737491375
640,1280,0.28596292897729997
640,1408,0.3101468842054625
640,1536,0.334330839433625
640,1664,0.3577393796819625
640,1792,0.38114791993029995
640,1920,0.40455646017863744
640,2048,0.42796500042697494
640,2176,0.4509845542190031
640,2304,0.47400410801103127
640,2432,0.4970236618030594
640,2560,0.5200432155950875
640,2688,0.5430627693871156
640,2816,0.5660823231791436
640,2944,0.5891018769711719
640,3072,0.6121214307632
640,3200,0.634491690730653
640,3328,0.6568619506981062
640,3456,0.6792322106655594
640,3584,0.7016024706330125
640,3712,0.7239727306004656
640,3840,0.7463429905679188
640,3968,0.768713250535372
768,128,0.07729548337115008
768,256,0.10609390523255002
768,384,0.13489232709394997
768,512,0.16369074895534996
768,640,0.19248917081675
768,768,0.22128759267815
768,896,0.25008601453955
768,1024,0.27888443640095
768,1152,0.30768285826235003
768,1280,0.33648128012375
768,1408,0.36527970198515003
768,1536,0.39407812384655
768,1664,0.422238870638525
768,1792,0.45039961743049994
768,1920,0.47856036422247505
768,2048,0.5067211110144499
768,2176,0.5345019548255812
768,2304,0.5622827986367125
768,2432,0.5900636424478437
768,2560,0.6178444862589749
768,2688,0.6456253300701063
768,2816,0.6734061738812374
768,2944,0.7011870176923688
768,3072,0.7289678615035
768,3200,0.7559473047771813
768,3328,0.7829267480508626
768,3456,0.8099061913245437
768,3584,0.836885634598225
768,3712,0.8638650778719064
768,3840,0.8908445211455875
768,3968,0.9178239644192687
896,128,0.0862836348184626
896,256,0.11969652331310007
896,384,0.1531094118077374
896,512,0.186522300302375
896,640,0.21993518879701246
896,768,0.25334807729165
896,896,0.28676096578628746
896,1024,0.320173854280925
896,1152,0.35358674277556257
896,1280,0.38699963127020004
896,1408,0.4204125197648375
896,1536,0.453825408259475
896,1664,0.4867383615950875
896,1792,0.5196513149307
896,1920,0.5525642682663126
896,2048,0.5854772216019251
896,2176,0.6180193554321595
896,2304,0.6505614892623938
896,2432,0.6831036230926281
896,2560,0.7156457569228625
896,2688,0.7481878907530969
896,2816,0.7807300245833313
896,2944,0.8132721584135657
896,3072,0.8458142922438
896,3200,0.8774029188237094
896,3328,0.9089915454036188
896,3456,0.9405801719835282
896,3584,0.9721687985634375
896,3712,1.003757425143347
896,3840,1.0353460517232562
896,3968,1.0669346783031657
1024,128,0.095271786265775
1024,256,0.13329914139364996
1024,384,0.17132649652152504
1024,512,0.20935385164939999
1024,640,0.24738120677727501
1024,768,0.28540856190515
1024,896,0.323435917033025
1024,1024,0.3614632721609
1024,1152,0.39949062728877505
1024,1280,0.43751798241664996
1024,1408,0.475545337544525
1024,1536,0.5135726926724
1024,1664,0.55123785255165
1024,1792,0.5889030124309
1024,1920,0.6265681723101499
1024,2048,0.6642333321894
1024,2176,0.7015367560387374
1024,2304,0.738840179888075
1024,2432,0.7761436037374124
1024,2560,0.81344702758675
1024,2688,0.8507504514360875
1024,2816,0.8880538752854249
1024,2944,0.9253572991347626
1024,3072,0.9626607229841001
1024,3200,0.9988585328702375
1024,3328,1.035056342756375
1024,3456,1.0712541526425126
1024,3584,1.10745196252865
1024,3712,1.1436497724147876
1024,3840,1.1798475823009251
1024,3968,1.2160453921870626
1152,128,0.0993775456280875
1152,256,0.14262449214656253
1152,384,0.18587143866503744
1152,512,0.22911838518351244
1152,640,0.27236533170198757
1152,768,0.31561227822046245
1152,896,0.35885922473893755
1152,1024,0.4021061712574125
1152,1152,0.4453531177758875
1152,1280,0.48860006429436253
1152,1408,0.5318470108128375
1152,1536,0.5750939573313125
1152,1664,0.6181475560073094
1152,1792,0.6612011546833062
1152,1920,0.7042547533593031
1152,2048,0.7473083520352999
1152,2176,0.7892426442514344
1152,2304,0.8311769364675687
1152,2432,0.8731112286837032
1152,2560,0.9150455208998375
1152,2688,0.9569798131159718
1152,2816,0.9989141053321063
1152,2944,1.0408483975482408
1152,3072,1.0827826897643749
1152,3200,1.1233282835395175
1152,3328,1.1638738773146595
1152,3456,1.2044194710898017
1152,3584,1.2449650648649437
1152,3712,1.2855106586400862
1152,3840,1.326056252415228
1152,3968,1.3666018461903704
1280,128,0.10348330499039998
1280,256,0.151949842899475
1280,384,0.20041638080854998
1280,512,0.248882918717625
1280,640,0.2973494566267
1280,768,0.345815994535775
1280,896,0.39428253244484995
1280,1024,0.442749070353925
1280,1152,0.491215608263
1280,1280,0.539682146172075
1280,1408,0.58814868408115
1280,1536,0.636615221990225
1280,1664,0.6850572594629687
1280,1792,0.7334992969357126
1280,1920,0.7819413344084561
1280,2048,0.8303833718811999
1280,2176,0.8769485324641313
1280,2304,0.9235136930470625
1280,2432,0.9700788536299937
1280,2560,1.016644014212925
1280,2688,1.0632091747958563
1280,2816,1.1097743353787877
1280,2944,1.1563394959617188
1280,3072,1.2029046565446502
1280,3200,1.2477980342087969
1280,3328,1.2926914118729438
1280,3456,1.3375847895370907
1280,3584,1.3824781672012374
1280,3712,1.4273715448653843
1280,3840,1.4722649225295315
1280,3968,1.5171583001936784
1408,128,0.10758906435271245
1408,256,0.16127519365238743
1408,384,0.21496132295206238
1408,512,0.2686474522517375
1408,640,0.3223335815514125
1408,768,0.37601971085108754
1408,896,0.4297058401507626
1408,1024,0.48339196945043744
1408,1152,0.5370780987501126
1408,1280,0.5907642280497876
1408,1408,0.6444503573494625
1408,1536,0.6981364866491374
1408,1664,0.7519669629186282
1408,1792,0.8057974391881186
1408,1920,0.8596279154576094
1408,2048,0.9134583917271
1408,2176,0.9646544206768282
1408,2304,1.0158504496265564
1408,2432,1.0670464785762843
1408,2560,1.1182425075260125
1408,2688,1.1694385364757407
1408,2816,1.2206345654254687
1408,2944,1.2718305943751969
1408,3072,1.3230266233249253
1408,3200,1.3722677848780767
1408,3328,1.421508946431228
1408,3456,1.4707501079843797
1408,3584,1.5199912695375313
1408,3712,1.5692324310906827
1408,3840,1.6184735926438345
1408,3968,1.667714754196986
1536,128,0.11169482371502497
1536,256,0.17060054440529995
1536,384,0.22950626509557503
1536,512,0.2884119857858499
1536,640,0.347317706476125
1536,768,0.40622342716640003
1536,896,0.4651291478566749
1536,1024,0.52403486854695
1536,1152,0.582940589237225
1536,1280,0.6418463099275
1536,1408,0.700752030617775
1536,1536,0.75965775130805
1536,1664,0.8188766663742875
1536,1792,0.878095581440525
1536,1920,0.9373144965067626
1536,2048,0.996533411573
1536,2176,1.052360308889525
1536,2304,1.10818720620605
1536,2432,1.164014103522575
1536,2560,1.2198410008391003
1536,2688,1.275667898155625
1536,2816,1.33149479547215
1536,2944,1.3873216927886751
1536,3072,1.4431485901052
1536,3200,1.4967375355473562
1536,3328,1.5503264809895123
1536,3456,1.6039154264316686
1536,3584,1.657504371873825
1536,3712,1.711093317315981
1536,3840,1.7646822627581376
1536,3968,1.8182712082002936
1664,128,0.11580058307733761
1664,256,0.17992589515821236
1664,384,0.24405120723908744
1664,512,0.3081765193199624
1664,640,0.3723018314008374
1664,768,0.43642714348171247
1664,896,0.5005524555625873
1664,1024,0.5646777676434624
1664,1152,0.6288030797243376
1664,1280,0.6929283918052125
1664,1408,0.7570537038860875
1664,1536,0.8211790159669625
1664,1664,0.8857863698299469
1664,1792,0.9503937236929312
1664,1920,1.0150010775559157
1664,2048,1.0796084314188998
1664,2176,1.140066197102222
1664,2304,1.2005239627855437
1664,2432,1.2609817284688656
1664,2560,1.3214394941521874
1664,2688,1.3818972598355095
1664,2816,1.442355025518831
1664,2944,1.5028127912021532
1664,3072,1.563270556885475
1664,3200,1.621207286216636
1664,3328,1.6791440155477968
1664,3456,1.7370807448789578
1664,3584,1.7950174742101186
1664,3712,1.8529542035412798
1664,3840,1.9108909328724404
1664,3968,1.9688276622036016
1792,128,0.1199063424396499
1792,256,0.1892512459111251
1792,384,0.2585961493825999
1792,512,0.32794105285407504
1792,640,0.39728595632555
1792,768,0.466630859797025
1792,896,0.5359757632685
1792,1024,0.605320666739975
1792,1152,0.67466557021145
1792,1280,0.7440104736829249
1792,1408,0.8133553771543999
1792,1536,0.8827002806258749
1792,1664,0.9526960732856061
1792,1792,1.0226918659453377
1792,1920,1.0926876586050687
1792,2048,1.1626834512648
1792,2176,1.2277720853149188
1792,2304,1.2928607193650374
1792,2432,1.3579493534151563
1792,2560,1.4230379874652752
1792,2688,1.4881266215153937
1792,2816,1.5532152555655125
1792,2944,1.6183038896156314
1792,3072,1.6833925236657503
1792,3200,1.7456770368859158
1792,3328,1.8079615501060813
1792,3456,1.870246063326247
1792,3584,1.9325305765464127
1792,3712,1.9948150897665784
1792,3840,2.0570996029867437
1792,3968,2.119384116206909
1920,128,0.12401210180196243
1920,256,0.1985765966640374
1920,384,0.2731410915261124
1920,512,0.34770558638818727
1920,640,0.42227008125026255
1920,768,0.49683457611233756
1920,896,0.5713990709744124
1920,1024,0.6459635658364874
1920,1152,0.7205280606985625
1920,1280,0.7950925555606375
1920,1408,0.8696570504227125
1920,1536,0.9442215452847874
1920,1664,1.0196057767412658
1920,1792,1.0949900081977437
1920,1920,1.1703742396542218
1920,2048,1.2457584711107
1920,2176,1.3154779735276156
1920,2304,1.3851974759445314
1920,2432,1.454916978361447
1920,2560,1.5246364807783626
1920,2688,1.5943559831952783
1920,2816,1.6640754856121938
1920,2944,1.7337949880291093
1920,3072,1.8035144904460252
1920,3200,1.8701467875551954
1920,3328,1.9367790846643658
1920,3456,2.0034113817735357
1920,3584,2.070043678882706
1920,3712,2.1366759759918765
1920,3840,2.203308273101047
1920,3968,2.269940570210217
2048,128,0.12811786116427495
2048,256,0.20790194741694992
2048,384,0.2876860336696249
2048,512,0.3674701199222999
2048,640,0.4472542061749749
2048,768,0.52703829242765
2048,896,0.6068223786803248
2048,1024,0.6866064649329999
2048,1152,0.766390551185675
2048,1280,0.8461746374383501
2048,1408,0.9259587236910249
2048,1536,1.0057428099437
2048,1664,1.0865154801969248
2048,1792,1.16728815045015
2048,1920,1.2480608207033752
2048,2048,1.3288334909566
2048,2176,1.4031838617403125
2048,2304,1.4775342325240253
2048,2432,1.5518846033077374
2048,2560,1.6262349740914501
2048,2688,1.7005853448751624
2048,2816,1.7749357156588752
2048,2944,1.8492860864425875
2048,3072,1.9236364572263
2048,3200,1.9946165382244752
2048,3328,2.06559661922265
2048,3456,2.136576700220825
2048,3584,2.207556781219
2048,3712,2.278536862217175
2048,3840,2.3495169432153498
2048,3968,2.420497024213525
2176,128,0.1304639989813342
2176,256,0.2157938152038186
2176,384,0.3011236314263031
2176,512,0.3864534476487873
2176,640,0.4717832638712719
2176,768,0.5571130800937562
2176,896,0.6424428963162406
2176,1024,0.7277727125387249
2176,1152,0.8131025287612093
2176,1280,0.8984323449836937
2176,1408,0.9837621612061782
2176,1536,1.0690919774286625
2176,1664,1.1552935592316969
2176,1792,1.2414951410347312
2176,1920,1.3276967228377654
2176,2048,1.4138983046408
2176,2176,1.4928603509992986
2176,2304,1.5718223973577967
2176,2432,1.6507844437162955
2176,2560,1.7297464900747939
2176,2688,1.8087085364332924
2176,2816,1.8876705827917908
2176,2944,1.966632629150289
2176,3072,2.045594675508788
2176,3200,2.1207123565130312
2176,3328,2.1958300375172755
2176,3456,2.2709477185215183
2176,3584,2.346065399525763
2176,3712,2.4211830805300067
2176,3840,2.49630076153425
2176,3968,2.5714184425384934
2304,128,0.1328101367983937
2304,256,0.2236856829906875
2304,384,0.31456122918298113
2304,512,0.405436775375275
2304,640,0.4963123215675688
2304,768,0.5871878677598625
2304,896,0.6780634139521562
2304,1024,0.76893896014445
2304,1152,0.8598145063367437
2304,1280,0.9506900525290375
2304,1408,1.041565598721331
2304,1536,1.1324411449136251
2304,1664,1.2240716382664687
2304,1792,1.3157021316193125
2304,1920,1.407332624972156
2304,2048,1.498963118325
2304,2176,1.5825368402582844
2304,2304,1.6661105621915688
2304,2432,1.7496842841248532
2304,2560,1.8332580060581374
2304,2688,1.9168317279914215
2304,2816,2.000405449924706
2304,2944,2.083979171857991
2304,3072,2.167552893791275
2304,3200,2.2468081748015876
2304,3328,2.3260634558119
2304,3456,2.4053187368222124
2304,3584,2.484574017832525
2304,3712,2.5638292988428377
2304,3840,2.64308457985315
2304,3968,2.7223398608634626
2432,128,0.135156274615453
2432,256,0.23157755077755612
2432,384,0.32799882693965915
2432,512,0.42442010310176226
2432,640,0.5208413792638655
2432,768,0.6172626554259686
2432,896,0.7136839315880719
2432,1024,0.8101052077501749
2432,1152,0.9065264839122782
2432,1280,1.0029477600743812
2432,1408,1.0993690362364845
2432,1536,1.1957903123985874
2432,1664,1.2928497173012405
2432,1792,1.3899091222038937
2432,1920,1.4869685271065467
2432,2048,1.5840279320092
2432,2176,1.6722133295172705
2432,2304,1.7603987270253405
2432,2432,1.848584124533411
2432,2560,1.9367695220414813
2432,2688,2.0249549195495518
2432,2816,2.113140317057622
2432,2944,2.2013257145656917
2432,3072,2.289511112073763
2432,3200,2.3729039930901434
2432,3328,2.4562968741065245
2432,3456,2.5396897551229065
2432,3584,2.6230826361392876
2432,3712,2.7064755171556687
2432,3840,2.7898683981720502
2432,3968,2.8732612791884313
2560,128,0.13750241243251246
2560,256,0.23946941856442483
2560,384,0.34143642469633734
2560,512,0.4434034308282499
2560,640,0.5453704369601625
2560,768,0.647337443092075
2560,896,0.7493044492239873
2560,1024,0.8512714553558999
2560,1152,0.9532384614878125
2560,1280,1.0552054676197251
2560,1408,1.1571724737516376
2560,1536,1.25913947988355
2560,1664,1.3616277963360126
2560,1792,1.464116112788475
2560,1920,1.5666044292409376
2560,2048,1.6690927456934
2560,2176,1.7618898187762562
2560,2304,1.8546868918591126
2560,2432,1.9474839649419686
2560,2560,2.0402810380248253
2560,2688,2.133078111107681
2560,2816,2.2258751841905373
2560,2944,2.3186722572733935
2560,3072,2.41146933035625
2560,3200,2.4989998113787
2560,3328,2.5865302924011497
2560,3456,2.6740607734236
2560,3584,2.76159125444605
2560,3712,2.8491217354685
2560,3840,2.9366522164909497
2560,3968,3.0241826975133996
2688,128,0.13984855024957174
2688,256,0.24736128635129379
2688,384,0.3548740224530156
2688,512,0.4623867585547373
2688,640,0.5698994946564594
2688,768,0.6774122307581812
2688,896,0.7849249668599031
2688,1024,0.892437702961625
2688,1152,0.999950439063347
2688,1280,1.1074631751650688
2688,1408,1.2149759112667908
2688,1536,1.3224886473685127
2688,1664,1.4304058753707847
2688,1792,1.5383231033730562
2688,1920,1.646240331375328
2688,2048,1.7541575593776
2688,2176,1.8515663080352422
2688,2304,1.9489750566928845
2688,2432,2.0463838053505263
2688,2560,2.1437925540081686
2688,2688,2.241201302665811
2688,2816,2.338610051323453
2688,2944,2.4360187999810954
2688,3072,2.533427548638737
2688,3200,2.6250956296672565
2688,3328,2.7167637106957754
2688,3456,2.808431791724294
2688,3584,2.9000998727528127
2688,3712,2.991767953781331
2688,3840,3.0834360348098495
2688,3968,3.175104115838369
2816,128,0.14219468806663102
2816,256,0.2552531541381623
2816,384,0.36831162020969355
2816,512,0.4813700862812251
2816,640,0.5944285523527562
2816,768,0.7074870184242875
2816,896,0.8205454844958189
2816,1024,0.9336039505673499
2816,1152,1.0466624166388812
2816,1280,1.1597208827104124
2816,1408,1.2727793487819439
2816,1536,1.3858378148534751
2816,1664,1.4991839544055563
2816,1792,1.6125300939576375
2816,1920,1.7258762335097189
2816,2048,1.8392223730618
2816,2176,1.941242797294228
2816,2304,2.0432632215266566
2816,2432,2.145283645759084
2816,2560,2.2473040699915128
2816,2688,2.3493244942239406
2816,2816,2.4513449184563685
2816,2944,2.553365342688797
2816,3072,2.655385766921225
2816,3200,2.7511914479558124
2816,3328,2.8469971289903997
2816,3456,2.9428028100249874
2816,3584,3.0386084910595748
2816,3712,3.134414172094162
2816,3840,3.2302198531287503
2816,3968,3.3260255341633376
2944,128,0.14454082588369072
2944,256,0.26314502192503103
2944,384,0.38174921796637173
2944,512,0.5003534140077125
2944,640,0.618957610049053
2944,768,0.7375618060903937
2944,896,0.8561660021317343
2944,1024,0.9747701981730751
2944,1152,1.0933743942144156
2944,1280,1.2119785902557565
2944,1408,1.330582786297097
2944,1536,1.4491869823384376
2944,1664,1.5679620334403281
2944,1792,1.6867370845422187
2944,1920,1.8055121356441095
2944,2048,1.9242871867459999
2944,2176,2.0309192865532144
2944,2304,2.1375513863604283
2944,2432,2.244183486167642
2944,2560,2.3508155859748565
2944,2688,2.457447685782071
2944,2816,2.5640797855892843
2944,2944,2.670711885396498
2944,3072,2.7773439852037125
2944,3200,2.877287266244369
2944,3328,2.977230547285025
2944,3456,3.0771738283256815
2944,3584,3.1771171093663373
2944,3712,3.2770603904069935
2944,3840,3.37700367144765
2944,3968,3.476946952488306
3072,128,0.14688696370075
3072,256,0.27103688971189976
3072,384,0.3951868157230497
3072,512,0.5193367417341999
3072,640,0.6434866677453501
3072,768,0.7676365937565
3072,896,0.8917865197676498
3072,1024,1.0159364457788
3072,1152,1.1400863717899499
3072,1280,1.2642362978011
3072,1408,1.3883862238122502
3072,1536,1.5125361498234
3072,1664,1.6367401124751
3072,1792,1.7609440751268002
3072,1920,1.8851480377785002
3072,2048,2.0093520004302
3072,2176,2.1205957758122
3072,2304,2.2318395511942
3072,2432,2.3430833265762003
3072,2560,2.4543271019582
3072,2688,2.5655708773402
3072,2816,2.6768146527222
3072,2944,2.7880584281042
3072,3072,2.8993022034862
3072,3200,3.003383084532925
3072,3328,3.10746396557965
3072,3456,3.211544846626375
3072,3584,3.3156257276731
3072,3712,3.4197066087198253
3072,3840,3.52378748976655
3072,3968,3.627868370813275
3200,128,0.14799932110587502
3200,256,0.2778520383922873
3200,384,0.4077047556786999
3200,512,0.5375574729651125
3200,640,0.6674101902515248
3200,768,0.7972629075379375
3200,896,0.92711562482435
3200,1024,1.0569683421107625
3200,1152,1.1868210593971749
3200,1280,1.3166737766835876
3200,1408,1.4465264939700002
3200,1536,1.5763792112564126
3200,1664,1.7057502941253846
3200,1792,1.8351213769943564
3200,1920,1.9644924598633284
3200,2048,2.0938635427323002
3200,2176,2.209568661506811
3200,2304,2.3252737802813224
3200,2432,2.4409788990558328
3200,2560,2.556684017830344
3200,2688,2.672389136604855
3200,2816,2.7880942553793657
3200,2944,2.903799374153876
3200,3072,3.0195044929283874
3200,3200,3.1279927936497094
3200,3328,3.2364810943710314
3200,3456,3.344969395092353
3200,3584,3.453457695813675
3200,3712,3.5619459965349973
3200,3840,3.670434297256319
3200,3968,3.7789225979776404
3328,128,0.1491116785109996
3328,256,0.284667187072675
3328,384,0.4202226956343499
3328,512,0.5557782041960251
3328,640,0.6913337127576998
3328,768,0.8268892213193748
3328,896,0.96244472988105
3328,1024,1.098000238442725
3328,1152,1.2335557470044
3328,1280,1.369111255566075
3328,1408,1.50466676412775
3328,1536,1.640222272689425
3328,1664,1.774760475775669
3328,1792,1.9092986788619122
3328,1920,2.043836881948156
3328,2048,2.1783750850344
3328,2176,2.298541547201422
3328,2304,2.418708009368444
3328,2432,2.538874471535466
3328,2560,2.6590409337024874
3328,2688,2.7792073958695096
3328,2816,2.8993738580365314
3328,2944,3.019540320203553
3328,3072,3.1397067823705753
3328,3200,3.2526025027664938
3328,3328,3.365498223162412
3328,3456,3.478393943558331
3328,3584,3.5912896639542504
3328,3712,3.704185384350169
3328,3840,3.8170811047460877
3328,3968,3.9299768251420066
3456,128,0.1502240359161249
3456,256,0.29148233575306254
3456,384,0.43274063559000026
3456,512,0.5739989354269374
3456,640,0.715257235263875
3456,768,0.8565155351008126
3456,896,0.9977738349377502
3456,1024,1.1390321347746875
3456,1152,1.280290434611625
3456,1280,1.4215487344485624
3456,1408,1.5628070342855
3456,1536,1.7040653341224374
3456,1664,1.8437706574259534
3456,1792,1.9834759807294686
3456,1920,2.1231813040329848
3456,2048,2.2628866273365
3456,2176,2.3875144328960327
3456,2304,2.5121422384555654
3456,2432,2.6367700440150985
3456,2560,2.761397849574631
3456,2688,2.8860256551341643
3456,2816,3.010653460693697
3456,2944,3.1352812662532297
3456,3072,3.2599090718127623
3456,3200,3.377212211883278
3456,3328,3.4945153519537935
3456,3456,3.6118184920243093
3456,3584,3.729121632094825
3456,3712,3.8464247721653404
3456,3840,3.9637279122358566
3456,3968,4.081031052306372
3584,128,0.1513363933212501
3584,256,0.29829748443345006
3584,384,0.44525857554565024
3584,512,0.59221966665785
3584,640,0.7391807577700501
3584,768,0.88614184888225
3584,896,1.03310293999445
3584,1024,1.18006403110665
3584,1152,1.3270251222188498
3584,1280,1.47398621333105
3584,1408,1.62094730444325
3584,1536,1.7679083955554498
3584,1664,1.9127808390762373
3584,1792,2.0576532825970246
3584,1920,2.2025257261178126
3584,2048,2.3473981696385997
3584,2176,2.4764873185906437
3584,2304,2.6055764675426873
3584,2432,2.7346656164947314
3584,2560,2.863754765446775
3584,2688,2.992843914398819
3584,2816,3.1219330633508626
3584,2944,3.2510222123029062
3584,3072,3.3801113612549503
3584,3200,3.501821921000062
3584,3328,3.6235324807451756
3584,3456,3.7452430404902874
3584,3584,3.8669536002353997
3584,3712,3.988664159980513
3584,3840,4.110374719725624
3584,3968,4.232085279470738
3712,128,0.1524487507263755
3712,256,0.3051126331138378
3712,384,0.4577765155013001
3712,512,0.6104403978887628
3712,640,0.763104280276225
3712,768,0.9157681626636877
3712,896,1.0684320450511502
3712,1024,1.2210959274386126
3712,1152,1.373759809826075
3712,1280,1.5264236922135375
3712,1408,1.6790875746009999
3712,1536,1.8317514569884623
3712,1664,1.9817910207265217
3712,1792,2.131830584464581
3712,1920,2.2818701482026404
3712,2048,2.4319097119407
3712,2176,2.565460204285255
3712,2304,2.6990106966298093
3712,2432,2.832561188974364
3712,2560,2.966111681318919
3712,2688,3.0996621736634737
3712,2816,3.2332126660080283
3712,2944,3.3667631583525828
3712,3072,3.5003136506971373
3712,3200,3.626431630116847
3712,3328,3.752549609536556
3712,3456,3.8786675889562656
3712,3584,4.004785568375975
3712,3712,4.130903547795684
3712,3840,4.257021527215393
3712,3968,4.3831395066351035
3840,128,0.15356110813150026
3840,256,0.3119277817942253
3840,384,0.4702944554569506
3840,512,0.628661129119675
3840,640,0.7870278027824
3840,768,0.9453944764451251
3840,896,1.1037611501078501
3840,1024,1.2621278237705749
3840,1152,1.4204944974333
3840,1280,1.578861171096025
3840,1408,1.73722784475875
3840,1536,1.895594518421475
3840,1664,2.050801202376806
3840,1792,2.2060078863321375
3840,1920,2.3612145702874687
3840,2048,2.5164212542428
3840,2176,2.654433089979866
3840,2304,2.7924449257169313
3840,2432,2.9304567614539967
3840,2560,3.0684685971910626
3840,2688,3.206480432928128
3840,2816,3.344492268665194
3840,2944,3.4825041044022593
3840,3072,3.620515940139325
3840,3200,3.751041339233631
3840,3328,3.8815667383279377
3840,3456,4.012092137422244
3840,3584,4.14261753651655
3840,3712,4.273142935610856
3840,3840,4.403668334705162
3840,3968,4.5341937337994676
3968,128,0.154673465536625
3968,256,0.3187429304746126
3968,384,0.4828123954126007
3968,512,0.6468818603505876
3968,640,0.8109513252885753
3968,768,0.9750207902265625
3968,896,1.13909025516455
3968,1024,1.3031597201025373
3968,1152,1.467229185040525
3968,1280,1.6312986499785125
3968,1408,1.7953681149165
3968,1536,1.9594375798544874
3968,1664,2.1198113840270905
3968,1792,2.2801851881996935
3968,1920,2.440558992372297
3968,2048,2.6009327965448996
3968,2176,2.743405975674476
3968,2304,2.885879154804053
3968,2432,3.0283523339336296
3968,2560,3.170825513063206
3968,2688,3.313298692192783
3968,2816,3.4557718713223595
3968,2944,3.598245050451936
3968,3072,3.7407182295815127
3968,3200,3.8756510483504156
3968,3328,4.010583867119319
3968,3456,4.1455166858882215
3968,3584,4.280449504657126
3968,3712,4.415382323426028
3968,3840,4.550315142194931
3968,3968,4.685247960963834
