blocks,batch_size,seqlen,time,BW
4,32,256,0.0017911040386983,75229758343.86717
4,32,384,0.0021824064402146,92491576399.55608
4,32,512,0.0025641274819007,104894979636.74686
4,32,768,0.0033273286898404,121173443799.2456
4,32,1024,0.0040822800465715,131643014655.82458
4,32,2048,0.0076174893812699,141028454682.38733
4,64,256,0.0036022920299777,74810326802.31322
4,64,384,0.0043711354670317,92357791938.70264
4,64,512,0.0051313894476209,104830904278.6451
4,64,768,0.0066497751286155,121262408488.07233
4,64,1024,0.0081636914283998,131657021756.2314
4,64,2048,0.0152399747732913,140982222081.19662
4,128,256,0.0072249637058803,74599306784.24493
4,128,384,0.0087442007886952,92337408016.0479
4,128,512,0.0102647850464801,104810415720.19257
4,128,768,0.0132998468499434,121259703979.73836
4,128,1024,0.0163223285675048,131697789755.28864
4,128,2048,0.0304749626832849,141005292005.06308
4,256,256,0.0144591141019548,74551909363.12347
4,256,384,0.0174879777842554,92339645436.52644
4,256,512,0.0205231718444824,104843090936.67116
4,256,768,0.0265898843062551,121304438291.26492
4,256,1024,0.0326355202198028,131734660855.5447
4,256,2048,0.0609378679448908,141033191836.84317
4,384,256,0.0217344853878021,74394760913.33905
4,384,384,0.0262432766914367,92299849918.9084
4,384,512,0.0307948727327234,104808653830.55466
4,384,768,0.0398903139554537,121287751041.59164
4,384,1024,0.0489596741416237,131717457133.1026
4,384,2048,0.0914281200062144,141000307423.18396
4,512,256,0.0290233457353379,74281895121.93375
4,512,384,0.0350053037007649,92262228592.78957
4,512,512,0.0410609036959134,104805913963.07465
4,512,768,0.0531932629671963,121273665049.99352
4,512,1024,0.0652843752774325,131707752972.43768
4,512,2048,0.1219036622480912,141000883148.35785
8,32,256,0.0009100179479767,148067765366.13797
8,32,384,0.0011091153644495,181995686355.1176
8,32,512,0.0013062297702851,205908719980.6313
8,32,768,0.0016911498384701,238408133228.8894
8,32,1024,0.0020737819977043,259141825223.1477
8,32,2048,0.0038689712396034,277666255309.2793
8,64,256,0.0018345879119831,146893284448.11008
8,64,384,0.0022292571491665,181095491900.0428
8,64,512,0.0026195849386185,205348636751.4711
8,64,768,0.0033769526625639,238785623778.2624
8,64,1024,0.0041452281376547,259287852033.18292
8,64,2048,0.0077324603814345,277863112387.7031
8,128,256,0.0036642606606448,147090322964.40027
8,128,384,0.0044367292370416,181984699282.29733
8,128,512,0.0052051819526043,206689487091.17007
8,128,768,0.0067518464215596,238858438315.52435
8,128,1024,0.0082782509600529,259670141237.9314
8,128,2048,0.0154581179185347,277985394770.965
8,256,256,0.0073004819206569,147655261079.39432
8,256,384,0.0088460306033753,182548957877.65344
8,256,512,0.0103850945063999,207192411265.39328
8,256,768,0.0134674593523928,239501074078.00705
8,256,1024,0.0165425218766735,259889587576.2632
8,256,2048,0.0309099822324864,278041635720.10736
8,384,256,0.0109846928015999,147198640253.68964
8,384,384,0.0132861304785075,182314218870.4507
8,384,512,0.0155935340650153,206981248929.39816
8,384,768,0.0202203546142578,239274066172.3348
8,384,1024,0.0248331217084612,259687197433.68912
8,384,2048,0.046377797907049,277964750586.8454
8,512,256,0.0146744173594883,146916165131.83115
8,512,384,0.0177220502392999,182240050580.49
8,512,512,0.02081619972229,206734447085.06912
8,512,768,0.0269690340945595,239198108963.8413
8,512,1024,0.033119999885559,259615289906.72137
8,512,2048,0.061842618075284,277939786040.03406
12,32,256,0.0006186134192076,217816684566.2461
12,32,384,0.0007570371157456,266637140771.08188
12,32,512,0.0008895600964257,302356300693.6627
12,32,768,0.0011574494717297,348338209008.3414
12,32,1024,0.0014153155435276,379705892765.45874
12,32,2048,0.0026281737232707,408756371958.1886
12,64,256,0.001239278272827,217456119346.97745
12,64,384,0.0015093482592737,267472014837.87668
12,64,512,0.0017746057538801,303125465937.33795
12,64,768,0.0022857456795156,352781044377.10565
12,64,1024,0.0028079566622579,382772040055.532
12,64,2048,0.0052252587080001,411188350293.62616
12,128,256,0.0024726472417709,217975809446.22787
12,128,384,0.0029917196148917,269883859430.19147
12,128,512,0.0035134944198848,306206943694.32385
12,128,768,0.0045683991692282,353019828666.2476
12,128,1024,0.0056003471003638,383835958285.5762
12,128,2048,0.0104436480601628,411458810871.9732
12,256,256,0.0049327183844996,218531543861.76132
12,256,384,0.005983366109076,269887156921.67047
12,256,512,0.0070230755209922,306377564297.6409
12,256,768,0.0091123339219526,353967601234.3514
12,256,1024,0.0111967800988091,383970136955.4677
12,256,2048,0.0208699307441711,411801175832.8585
12,384,256,0.0074093175986233,218229522824.1285
12,384,384,0.008985344001225,269577937101.76828
12,384,512,0.0105502292712529,305924077384.21533
12,384,768,0.0136754092654666,353788787895.1832
12,384,1024,0.0168008022308349,383841419677.2261
12,384,2048,0.0313399678468704,411340339945.0941
12,512,256,0.0098879849116007,218033213366.9269
12,512,384,0.0119620511191231,269992771292.9497
12,512,512,0.0140581546359592,306115962687.75653
12,512,768,0.0182353920936584,353759432364.6807
12,512,1024,0.0223978628904923,383896375026.47473
12,512,2048,0.0418318506876627,410895615504.5112
16,32,256,0.0004726660106549,285073013422.93365
16,32,384,0.0005766051872397,350073527722.3144
16,32,512,0.0006763340306332,397679382993.90106
16,32,768,0.0008749704068148,460797157092.0777
16,32,1024,0.0010701741181377,502164687868.8749
16,32,2048,0.0019994231970661,537296335051.19824
16,64,256,0.0009423538469998,285973941590.9997
16,64,384,0.0011475284918047,351806881383.0432
16,64,512,0.0013472798729787,399269822691.4636
16,64,768,0.0017347410125303,464834659569.0427
16,64,1024,0.0021348191141734,503465278563.4875
16,64,2048,0.0039864889553615,538961861442.0981
16,128,256,0.0018771952506754,287118393148.5336
16,128,384,0.0022713014496937,355486426563.45044
16,128,512,0.0026695680567558,403007664583.5383
16,128,768,0.0034646439075469,465483765441.8096
16,128,1024,0.0042590763488058,504713797066.0498
16,128,2048,0.0079677439719911,539315900097.3944
16,256,256,0.0037395563410289,288257340094.89606
16,256,384,0.0045402315113995,355672098205.8948
16,256,512,0.0053307260807524,403643469839.7192
16,256,768,0.006920963489846,466043634637.3167
16,256,1024,0.0085083465899451,505295493378.3117
16,256,2048,0.0159303360283374,539490316130.9469
16,384,256,0.0056378333970402,286800217411.332
16,384,384,0.0068249185085296,354912735877.0239
16,384,512,0.0080134663884601,402768165428.1183
16,384,768,0.0103852617302719,465872367366.25885
16,384,1024,0.0127708159923553,504967245934.81726
16,384,2048,0.0238947477794828,539507390786.06775
16,512,256,0.0075173979730748,286789276252.4808
16,512,384,0.0090905599764415,355277050079.3997
16,512,512,0.0106898845510279,402569879913.82587
16,512,768,0.0138592034159479,465462679375.6995
16,512,1024,0.0170348885218302,504755775829.1792
16,512,2048,0.0318677116632461,539371142102.5552
20,32,256,0.0003846175358291,350333282931.38226
20,32,384,0.0004718176804702,427822483885.7897
20,32,512,0.0005520926616542,487172025062.04376
20,32,768,0.0007177534066591,561730355104.3125
20,32,1024,0.000876402055424,613193052976.0997
20,32,2048,0.0016372588759933,656147156538.2239
20,64,256,0.0007664806726349,351592223550.23987
20,64,384,0.000931053914102,433603697793.7623
20,64,512,0.0010932720194216,492035089569.5198
20,64,768,0.0014078274041079,572774578508.0449
20,64,1024,0.0017309603810722,620931196203.4532
20,64,2048,0.0032365535151573,663843652804.7076
20,128,256,0.0015217622066322,354179701434.9412
20,128,384,0.0018388706003041,439083008813.3643
20,128,512,0.0021627321551586,497452440161.784
20,128,768,0.0028102797600958,573870087562.0364
20,128,1024,0.0034571299503589,621791667327.0579
20,128,2048,0.0064863441724043,662488899414.5276
20,256,256,0.0030170988304069,357281820912.248
20,256,384,0.0036710848930108,439879140652.50574
20,256,512,0.0043161071045645,498530902934.3682
20,256,768,0.0056055238935682,575409371406.1036
20,256,1024,0.0068948304489867,623543859389.8732
20,256,2048,0.0129690649570562,662673989871.8741
20,384,256,0.0045354159243471,356512362034.9619
20,384,384,0.0055066219371753,439879571838.2831
20,384,512,0.006471062984222,498769547425.1411
20,384,768,0.0084051626523335,575623181623.5868
20,384,1024,0.0103541028159005,622829799419.8663
20,384,2048,0.0195045219568105,660943808648.3627
20,512,256,0.0060484225606343,356441551890.1641
20,512,384,0.0073358320913453,440259167846.8636
20,512,512,0.0086275530683583,498800239871.35767
20,512,768,0.0112097963121202,575473610437.072
20,512,1024,0.0138621094420149,620284986781.215
20,512,2048,0.0260583423614501,659616939465.3478
24,32,256,0.0003252676329204,414256785374.554
24,32,384,0.0003986886860199,506295310296.0167
24,32,512,0.0004662664792361,576846314237.8099
24,32,768,0.0006077006894982,663457986748.2355
24,32,1024,0.0007409447236238,725295200661.7219
24,32,2048,0.0013721720076854,782906771150.4438
24,64,256,0.0006465647106638,416800730932.7029
24,64,384,0.0007880284058746,512301862458.7796
24,64,512,0.0009226612793492,583018067453.0887
24,64,768,0.0011896094861215,677842399045.5515
24,64,1024,0.0014577461112692,737307609117.3215
24,64,2048,0.0027274963739125,787742755059.2518
24,128,256,0.0012811196864744,420707986685.6232
24,128,384,0.0015488998535616,521284080531.9665
24,128,512,0.0018241591970648,589782070408.7219
24,128,768,0.0023721711737284,679856289403.0844
24,128,1024,0.0029095530995102,738812636332.9851
24,128,2048,0.0054216065304253,792593669032.4255
24,256,256,0.002538168531989,424697789139.80975
24,256,384,0.0030876191045031,523002874818.613
24,256,512,0.003630963002426,592601128285.3414
24,256,768,0.0047194614680308,683440473420.3319
24,256,1024,0.0058058681433228,740497214519.8354
24,256,2048,0.0108343339473643,793243226741.2925
24,384,256,0.0038146249724156,423877014304.7753
24,384,384,0.0046342257835246,522687200224.7783
24,384,512,0.005449427490649,592276741279.4039
24,384,768,0.007084608930937,682917930285.8295
24,384,1024,0.0087305533803742,738652351006.3643
24,384,2048,0.016329309272766,789463461844.046
24,512,256,0.0050894351824365,423604790456.8984
24,512,384,0.0061749854264435,523024284101.0375
24,512,512,0.0072594773112863,592801017961.6415
24,512,768,0.009449993619379,682639821340.3148
24,512,1024,0.0116810224274309,736104945043.8458
24,512,2048,0.0218790491070066,785615679727.8497
28,32,256,0.0002838509777959,474700933025.65234
28,32,384,0.0003483612314762,579439368567.5719
28,32,512,0.0004070791095081,660717029485.9674
28,32,768,0.000530461077362,760063071931.7684
28,32,1024,0.0006469619942751,830657220602.443
28,32,2048,0.0011993323453038,895733997508.2622
28,64,256,0.0005598726294861,481339200752.3676
28,64,384,0.0006824327968292,591572418376.9126
28,64,512,0.0007998680744581,672521148396.121
28,64,768,0.001031561176793,781696486976.0071
28,64,1024,0.001269481587358,846650562484.1702
28,64,2048,0.0023838183879852,901312582715.6406
28,128,256,0.0011105745354142,485313922490.52704
28,128,384,0.0013407566039744,602209851964.6115
28,128,512,0.0015777188624401,681906272158.0355
28,128,768,0.0020548699722915,784835787055.431
28,128,1024,0.0025201214267089,852980564038.6213
28,128,2048,0.0047398158019443,906602954958.1284
28,256,256,0.0021981732123776,490386543667.33655
28,256,384,0.002675668220469,603525375697.3407
28,256,512,0.0031490898252283,683280849838.5687
28,256,768,0.0040930196172822,788041905878.2032
28,256,1024,0.0050417561674118,852724535904.5232
28,256,2048,0.0094359282187695,910801971013.7932
28,384,256,0.00330078315578,489863092390.2252
28,384,384,0.0040123924179077,603692323111.082
28,384,512,0.0047179254360918,684107707872.8864
28,384,768,0.0061377686233055,788267978957.2058
28,384,1024,0.0075773195936566,851071899540.6587
28,384,2048,0.0142229919955134,906377014911.2468
28,512,256,0.0043989153828537,490100157962.4357
28,512,384,0.0053405303752168,604746552325.1237
28,512,512,0.0062801023960113,685247670919.0621
28,512,768,0.0081840061526144,788237671832.5382
28,512,1024,0.0101517695903778,846991088149.7853
28,512,2048,0.0189472238046151,907179025974.9408
32,32,256,0.0002496726339283,539683992914.6965
32,32,384,0.000308468935703,654374520857.0857
32,32,512,0.0003606389598633,745798790296.9238
32,32,768,0.0004697103263226,858367068819.8853
32,32,1024,0.0005749733981986,934658287989.702
32,32,2048,0.0010733673309051,1000852853509.18
32,64,256,0.0004951725182068,544231826467.014
32,64,384,0.0006050223482151,667261996504.6713
32,64,512,0.0007112245215223,756340901813.3252
32,64,768,0.0009189432446016,877494614316.0195
32,64,1024,0.0011320893729351,949401456895.0068
32,64,2048,0.0021294145381197,1008993537677.8308
32,128,256,0.0009798025680222,550087641725.5765
32,128,384,0.0011913557441461,677729418746.0925
32,128,512,0.0014039009777864,766333527095.5775
32,128,768,0.0018252127309785,883587685220.335
32,128,1024,0.0022472666657024,956546291905.2748
32,128,2048,0.0042441068584636,1012493595308.6686
32,256,256,0.001945381714392,554109538516.3809
32,256,384,0.0023699872606738,681368079396.7063
32,256,512,0.0027974822148264,769160483164.4978
32,256,768,0.0036378639072611,886638714978.3049
32,256,1024,0.0044818285405635,959257845115.9086
32,256,2048,0.0084795010938482,1013533924328.9894
32,384,256,0.0029230913478274,553158164284.4496
32,384,384,0.0035537375625989,681606465680.7593
32,384,512,0.0041850026965141,771222718372.0531
32,384,768,0.0054496055737785,887808558344.0406
32,384,1024,0.0067178818953664,959951943252.8232
32,384,2048,0.0127122175216674,1014094748302.3416
32,512,256,0.0039025354440822,552438063636.0929
32,512,384,0.00473075439795,682696048097.4178
32,512,512,0.0055771477487352,771617632144.6624
32,512,768,0.0072631875051968,888169546963.2767
32,512,1024,0.0089552640233721,960156880864.6084
32,512,2048,0.0169511594136556,1014002854704.6276
44,32,256,0.0001922151672716,701007760795.286
44,32,384,0.0002372972650612,850638594371.8188
44,32,512,0.0002796696067366,961720878927.082
44,32,768,0.0003665452060459,1099956756628.2793
44,32,1024,0.0004483815186852,1198541040620.578
44,32,2048,0.0008718006163835,1232257394421.668
44,64,256,0.0003735417935819,721441746627.0693
44,64,384,0.0004575471866327,882331772097.7865
44,64,512,0.0005389387145501,998124984301.7454
44,64,768,0.0006958140867097,1158883907931.6008
44,64,1024,0.0008594526606542,1250571845553.232
44,64,2048,0.0016905615609593,1270918230733.183
44,128,256,0.0007305260290058,737793401740.2415
44,128,384,0.0008854827086482,911838060883.8604
44,128,512,0.0010455510091184,1028985079271.3776
44,128,768,0.0013642303041467,1182157797769.0652
44,128,1024,0.0016841380880183,1276388564152.371
44,128,2048,0.0033547800784571,1280897975874.5574
44,256,256,0.0014394350230008,748873375161.2682
44,256,384,0.0017614206214186,916779131777.9856
44,256,512,0.0020775643453558,1035690074682.8402
44,256,768,0.0027115851892007,1189514898092.0396
44,256,1024,0.0033560268021113,1281047334096.171
44,256,2048,0.0066887127167799,1284890289642.674
44,384,256,0.0021621318685597,747841455700.4279
44,384,384,0.0026382551971234,918125927560.3864
44,384,512,0.0031086741940359,1038246195819.4908
44,384,768,0.0040644624733155,1190368099044.9004
44,384,1024,0.0050785005603517,1269832247405.1855
44,384,2048,0.0100615862999643,1281248566942.7346
44,512,256,0.0028866560226199,746853489680.1796
44,512,384,0.003513623295964,919184289252.0016
44,512,512,0.0041551550518382,1035683503097.2275
44,512,768,0.0054312207032652,1187751761242.4958
44,512,1024,0.0068337600020801,1258232418080.6333
44,512,2048,0.0134734968940416,1275728503978.8877
60,32,256,0.0001524368173994,883935562935.1028
60,32,384,0.0001861018016218,1084644050949.1012
60,32,512,0.0002197571137635,1223915328126.556
60,32,768,0.0002937976807599,1372318103250.8416
60,32,1024,0.000376561344068,1427134411074.684
60,32,2048,0.0007810915547112,1375360864575.1104
60,64,256,0.0002860175612556,942210131492.9536
60,64,384,0.000349364637667,1155550323283.53
60,64,512,0.0004156403055862,1294215668620.6353
60,64,768,0.0005432495356422,1484341347934.4622
60,64,1024,0.000695181090681,1546082473197.074
60,64,2048,0.0014475839996541,1484242371090.994
60,128,256,0.0005560367174568,969319591815.996
60,128,384,0.000677063115355,1192528167151.1548
60,128,512,0.0008049071206585,1336621779565.9846
60,128,768,0.0010583295812661,1523849961814.9536
60,128,1024,0.0013512020269526,1590890594538.2295
60,128,2048,0.0028080013350894,1530316584362.7292
60,256,256,0.0010896766877248,989242567215.6936
60,256,384,0.0013353260590235,1209317871906.767
60,256,512,0.0015839330583935,1358461937894.2063
60,256,768,0.0020762972583016,1553472638420.941
60,256,1024,0.0026780684356947,1605347022016.863
60,256,2048,0.005591746032238,1536954999467.3647
60,384,256,0.00162663974292,994031930572.038
60,384,384,0.001992826400525,1215484951103.515
60,384,512,0.0023639142211865,1365349523714.9417
60,384,768,0.0031126959862498,1554345971907.4895
60,384,1024,0.0040659900051541,1586045162881.677
60,384,2048,0.0083737177290022,1539506518514.5752
60,512,256,0.0021686925969225,994105447244.7274
60,512,384,0.0026506212590232,1218456737644.2527
60,512,512,0.0031607926422968,1361502011366.6123
60,512,768,0.0041982101011471,1536593405422.293
60,512,1024,0.0054575116996523,1575527244870.1653
60,512,2048,0.0111868032000281,1536500082164.3755
64,32,256,0.0001436867525399,937764418905.189
64,32,384,0.0001765422021049,1143376538829.0889
64,32,512,0.0002078343994158,1294126962408.1982
64,32,768,0.0002912213318567,1384458595218.4026
64,32,1024,0.0003714930541453,1446604844971.5298
64,32,2048,0.0007647587555978,1404734170268.1716
64,64,256,0.000270606804514,995867951229.0494
64,64,384,0.000332055546388,1215785805692.4158
64,64,512,0.0003929920014137,1368801894351.222
64,64,768,0.0005417206141811,1488530668560.467
64,64,1024,0.0006996732836152,1536155981898.352
64,64,2048,0.0014524982863238,1479220683583.5798
64,128,256,0.0005247715922135,1027070237789.6729
64,128,384,0.0006405241112083,1260556506572.0466
64,128,512,0.0007610203618925,1413702499791.8284
64,128,768,0.0010488468365392,1537627264359.4863
64,128,1024,0.0013667745172149,1572764614005.3962
64,128,2048,0.0028447534574026,1510546019662.2554
64,256,256,0.0010272059693932,1049404497363.5833
64,256,384,0.0012663455129412,1275192000522.3164
64,256,512,0.0015009821475698,1433536551706.3013
64,256,768,0.0020767999922527,1553096587072.4944
64,256,1024,0.0027524594013413,1561959164921.702
64,256,2048,0.0057332836962663,1499012167424.546
64,384,256,0.0015373129775187,1051790928487.2706
64,384,384,0.0018920202127085,1280245572288.2302
64,384,512,0.002248227105506,1435606370946.9275
64,384,768,0.0031545051434742,1533744992620.7383
64,384,1024,0.0041635860637311,1548867654298.2317
64,384,2048,0.0086551865743052,1489441379146.097
64,512,256,0.0020483218202785,1052524609490.7156
64,512,384,0.0025174911968672,1282891211702.756
64,512,512,0.003007202247201,1431039612984.2815
64,512,768,0.004238264324665,1522071645805.0996
64,512,1024,0.0055979785161358,1535993456783.6208
64,512,2048,0.0114827000723694,1496906122050.536
80,32,256,0.0001239257524813,1087298816444.8984
80,32,384,0.0001577937665428,1279228048246.3062
80,32,512,0.0001957002609262,1374367610584.4048
80,32,768,0.0002780813722206,1449877324685.222
80,32,1024,0.0003552539823333,1512730831249.8516
80,32,2048,0.0006837530559245,1571156058011.9707
80,64,256,0.0002301247054779,1171054813260.0583
80,64,384,0.0002855528736656,1413778172909.2925
80,64,512,0.0003589781812307,1498498304703.9912
80,64,768,0.0005164632597221,1561326450276.0022
80,64,1024,0.0006721397316704,1599083121196.926
80,64,2048,0.0013212367058457,1626177579304.102
80,128,256,0.0004379210321392,1230763641031.453
80,128,384,0.0005381346804007,1500399185197.8784
80,128,512,0.0006788156629,1584902127042.3386
80,128,768,0.0010009408986835,1611219497695.7295
80,128,1024,0.0013264886163748,1620529998873.798
80,128,2048,0.0026243057787004,1637435335042.375
80,256,256,0.0008495757379414,1268815146030.2693
80,256,384,0.0010526002042052,1534137711116.328
80,256,512,0.0013297955054942,1618077939886.1052
80,256,768,0.0020120248913213,1603096956659.3289
80,256,1024,0.0026547735096489,1619433511888.725
80,256,2048,0.0052447048550522,1638655035415.6116
80,384,256,0.0012658683473921,1277330179975.715
80,384,384,0.0015654812339279,1547288110201.326
80,384,512,0.0020018360051326,1612304478351.1782
80,384,768,0.0030439862809957,1589431101646.553
80,384,1024,0.0040108670294284,1607842826172.9055
80,384,2048,0.0078523470763212,1641724812046.8325
80,512,256,0.0016794080043004,1283731599753.8235
80,512,384,0.0020746741024869,1556710679585.039
80,512,512,0.0026817600017084,1604701963359.2888
80,512,768,0.0040578378692269,1589748571504.4077
80,512,1024,0.0053194108281065,1616430587870.319
80,512,2048,0.0104483699976712,1645091439126.9587
108,32,256,0.0001155721935223,1165888782529.0564
108,32,384,0.0001566297593619,1288734738674.567
108,32,512,0.0001937576309536,1388147133489.483
108,32,768,0.0002710102054065,1487707355503.9883
108,32,1024,0.0003419179814859,1571732640864.673
108,32,2048,0.0006523372311718,1646821160383.907
108,64,256,0.000196305600641,1372801606882.0554
108,64,384,0.0002745835550207,1470257095220.2808
108,64,512,0.0003492088898395,1540419535846.175
108,64,768,0.0004952750000229,1628121241658.923
108,64,1024,0.0006373636133127,1686333009212.087
108,64,2048,0.0012430872004479,1728410933059.0923
108,128,256,0.0003614632721609,1491098336984.105
108,128,384,0.0005135726926724,1572156867995.7458
108,128,512,0.0006642333321894,1619696476919.9414
108,128,768,0.0009626607229841,1675289594241.1348
108,128,1024,0.0012522432020732,1716611112315.1355
108,128,2048,0.0024577480473791,1748401760132.5513
108,256,256,0.000686606464933,1569974387155.109
108,256,384,0.0010057428099437,1605612938053.5396
108,256,512,0.0013288334909566,1619249354146.6416
108,256,768,0.0019236364572263,1676757044130.26
108,256,1024,0.0024914771052117,1725574430929.6748
108,256,2048,0.0049013349911541,1753453301092.6128
108,384,256,0.0010159364457788,1591567908325.671
108,384,384,0.0015125361498234,1601449658100.9011
108,384,512,0.0020093520004302,1606273642103.9917
108,384,768,0.0028993022034862,1668748591361.8767
108,384,1024,0.00373194925186,1728009505162.9568
108,384,2048,0.0073403032944265,1756248006507.8972
108,512,256,0.0013441916164345,1603870383984.833
108,512,384,0.0020232806412875,1596252771906.4824
108,512,512,0.002685444338847,1602500367536.0708
108,512,768,0.0038609205190237,1670830032427.3835
108,512,1024,0.0049756424265717,1728110188562.0156
108,512,2048,0.0097832590791045,1756932316421.2075
